threads,generating_random_numbers,bucket_distribution_private_sort,shared_bucket_sort,initial_table_merge_bucket,total_runtime,
1 100000 0.002388 0.022361 0.002611 0.000259 0.028649
1 100000 0.002147 0.026181 0.002573 0.000258 0.032169
1 100000 0.001615 0.023492 0.002817 0.000265 0.028893
1 100000 0.000687 0.016382 0.002576 0.000264 0.020174
1 100000 0.002616 0.023561 0.002573 0.000266 0.030171
1 100000 0.001734 0.026218 0.002575 0.000265 0.031549
1 100000 0.001740 0.022786 0.002756 0.000264 0.028314
1 100000 0.001738 0.023086 0.002574 0.000259 0.028432
1 100000 0.001763 0.024008 0.002580 0.000257 0.029430
1 100000 0.001751 0.022640 0.002807 0.000267 0.028213
1 200000 0.003449 0.039814 0.005389 0.000532 0.050472
1 200000 0.005220 0.038853 0.005376 0.000538 0.052230
1 200000 0.004091 0.041661 0.005777 0.000521 0.054043
1 200000 0.004935 0.040695 0.005524 0.000528 0.053678
1 200000 0.003774 0.039100 0.005427 0.000537 0.050265
1 200000 0.005310 0.039020 0.005475 0.000531 0.052628
1 200000 0.004154 0.040959 0.005526 0.000529 0.053189
1 200000 0.005009 0.040966 0.005685 0.000532 0.054197
1 200000 0.004511 0.040674 0.005844 0.000527 0.053213
1 200000 0.004654 0.038941 0.005382 0.000598 0.051103
1 300000 0.006988 0.056397 0.008380 0.000796 0.075158
1 300000 0.007962 0.055472 0.008411 0.000793 0.074321
1 300000 0.007046 0.055426 0.008679 0.000857 0.074775
1 300000 0.007816 0.056016 0.009034 0.000802 0.076557
1 300000 0.006938 0.055229 0.008513 0.000793 0.073975
1 300000 0.007957 0.055970 0.008414 0.000876 0.075525
1 300000 0.007931 0.055119 0.008320 0.000773 0.073924
1 300000 0.007921 0.054943 0.008618 0.000837 0.074606
1 300000 0.007822 0.061248 0.008427 0.000797 0.081100
1 300000 0.006636 0.056441 0.008526 0.000793 0.074839
1 400000 0.008140 0.073455 0.011321 0.001163 0.097307
1 400000 0.010391 0.073829 0.011493 0.001139 0.099348
1 400000 0.009137 0.072856 0.011568 0.001154 0.096808
1 400000 0.008217 0.073003 0.011982 0.001221 0.096789
1 400000 0.007814 0.073807 0.011375 0.001054 0.096795
1 400000 0.009603 0.073058 0.011510 0.001104 0.098403
1 400000 0.009631 0.073202 0.011695 0.001063 0.097472
1 400000 0.008146 0.073009 0.011523 0.001080 0.095980
1 400000 0.007513 0.073744 0.011727 0.001074 0.096423
1 400000 0.008491 0.073183 0.011470 0.001075 0.097492
1 500000 0.011529 0.093129 0.015253 0.001404 0.123656
1 500000 0.011837 0.093138 0.014620 0.001348 0.123288
1 500000 0.012041 0.091824 0.014619 0.001421 0.122546
1 500000 0.009876 0.090150 0.014848 0.001398 0.119456
1 500000 0.012310 0.091732 0.014806 0.001385 0.122478
1 500000 0.010869 0.090996 0.015037 0.001496 0.121634
1 500000 0.009895 0.093101 0.015535 0.001382 0.122898
1 500000 0.010019 0.093286 0.015147 0.001375 0.122078
1 500000 0.011798 0.095948 0.015241 0.001393 0.126750
1 500000 0.010647 0.092685 0.015396 0.001387 0.122358
1 600000 0.013367 0.111652 0.018283 0.001804 0.147948
1 600000 0.011282 0.110411 0.018330 0.001686 0.144400
1 600000 0.011600 0.110359 0.018683 0.001685 0.145026
1 600000 0.011713 0.111862 0.018124 0.001661 0.146354
1 600000 0.011628 0.110144 0.018202 0.001711 0.144673
1 600000 0.012158 0.110229 0.018184 0.001639 0.144890
1 600000 0.016300 0.116166 0.017423 0.001644 0.158403
1 600000 0.011479 0.109792 0.017673 0.001651 0.144160
1 600000 0.010895 0.110222 0.017771 0.001688 0.143710
1 600000 0.011825 0.112989 0.019090 0.001666 0.148560
1 700000 0.013010 0.127647 0.021480 0.001927 0.167290
1 700000 0.014607 0.127100 0.020830 0.002003 0.167407
1 700000 0.013022 0.129098 0.020820 0.001889 0.167943
1 700000 0.011580 0.129994 0.021777 0.001933 0.168406
1 700000 0.012432 0.125424 0.021117 0.001926 0.164328
1 700000 0.012952 0.126641 0.021002 0.001835 0.165930
1 700000 0.012966 0.127413 0.020558 0.001988 0.166141
1 700000 0.012315 0.128518 0.021342 0.001880 0.167881
1 700000 0.014548 0.130977 0.021684 0.001931 0.172247
1 700000 0.013999 0.130710 0.021521 0.001917 0.170592
1 800000 0.013877 0.166034 0.024999 0.002469 0.211514
1 800000 0.015863 0.151774 0.026096 0.002331 0.199690
1 800000 0.012672 0.151079 0.025055 0.002387 0.194789
1 800000 0.013353 0.149773 0.025170 0.002423 0.194133
1 800000 0.013924 0.149023 0.024377 0.002466 0.193368
1 800000 0.014420 0.151843 0.024759 0.002188 0.196999
1 800000 0.013366 0.151235 0.024899 0.002429 0.195497
1 800000 0.014480 0.149550 0.025404 0.002357 0.195591
1 800000 0.013967 0.146205 0.022976 0.002208 0.188934
1 800000 0.013094 0.145719 0.023984 0.002367 0.188838
1 900000 0.016074 0.178602 0.027481 0.002457 0.228155
1 900000 0.015507 0.165537 0.027774 0.002486 0.215325
1 900000 0.014899 0.164930 0.027791 0.002602 0.214459
1 900000 0.015966 0.165601 0.027258 0.002415 0.215509
1 900000 0.016383 0.167078 0.027524 0.002473 0.217488
1 900000 0.015073 0.165171 0.027543 0.002459 0.214490
1 900000 0.015341 0.165763 0.027455 0.002463 0.215038
1 900000 0.016134 0.165335 0.027843 0.002400 0.215938
1 900000 0.016055 0.165730 0.027483 0.002611 0.215926
1 900000 0.017285 0.163663 0.028174 0.002518 0.215889
1 1000000 0.016460 0.183934 0.030600 0.002848 0.237889
1 1000000 0.016976 0.183582 0.030277 0.002706 0.238178
1 1000000 0.016277 0.185278 0.030184 0.002746 0.238829
1 1000000 0.015690 0.182468 0.031162 0.002834 0.236218
1 1000000 0.015639 0.184858 0.030723 0.002765 0.238415
1 1000000 0.015020 0.186706 0.030902 0.002733 0.239282
1 1000000 0.015599 0.201493 0.030967 0.002853 0.253715
1 1000000 0.015064 0.185477 0.030591 0.002776 0.237619
1 1000000 0.016061 0.183987 0.032344 0.002724 0.238121
1 1000000 0.016070 0.183139 0.031817 0.002727 0.236981
2 100000 0.001619 0.019389 0.004063 0.000307 0.026522
2 100000 0.001569 0.018876 0.003899 0.000275 0.025413
2 100000 0.001064 0.018076 0.003895 0.000312 0.023850
2 100000 0.001427 0.015564 0.003760 0.000306 0.022206
2 100000 0.001587 0.018033 0.003863 0.000312 0.024555
2 100000 0.000996 0.016141 0.003812 0.000335 0.022053
2 100000 0.001082 0.020309 0.004161 0.000388 0.026703
2 100000 0.001033 0.014411 0.003847 0.000311 0.020369
2 100000 0.000725 0.013744 0.003652 0.000266 0.018684
2 100000 0.001065 0.018464 0.003780 0.000329 0.024172
2 200000 0.001847 0.041355 0.008620 0.000551 0.053881
2 200000 0.002915 0.027794 0.007489 0.000668 0.040775
2 200000 0.002887 0.028497 0.007616 0.000536 0.041827
2 200000 0.002822 0.041740 0.008009 0.000613 0.055480
2 200000 0.002852 0.035987 0.008544 0.000544 0.050230
2 200000 0.002480 0.023305 0.007218 0.000685 0.035707
2 200000 0.002938 0.026843 0.007600 0.000612 0.039865
2 200000 0.002852 0.031716 0.008414 0.000539 0.045827
2 200000 0.002944 0.028699 0.008265 0.000577 0.042780
2 200000 0.002849 0.031874 0.008657 0.000540 0.046224
2 300000 0.004103 0.030944 0.010972 0.000837 0.049659
2 300000 0.004042 0.032600 0.011770 0.000938 0.052765
2 300000 0.003981 0.032688 0.011015 0.000882 0.051578
2 300000 0.004130 0.031713 0.011439 0.000897 0.050497
2 300000 0.004313 0.034075 0.011021 0.000976 0.051724
2 300000 0.004214 0.035780 0.010985 0.000820 0.053737
2 300000 0.004273 0.035044 0.010784 0.000939 0.053365
2 300000 0.004180 0.034066 0.010954 0.000805 0.052653
2 300000 0.004140 0.030337 0.011012 0.000830 0.049624
2 300000 0.004123 0.034998 0.011054 0.000885 0.052109
2 400000 0.005560 0.043176 0.014764 0.001263 0.067547
2 400000 0.005396 0.041560 0.015116 0.001150 0.067775
2 400000 0.005368 0.049798 0.015401 0.001166 0.075031
2 400000 0.005542 0.058251 0.016638 0.001103 0.084622
2 400000 0.005559 0.058473 0.016981 0.001178 0.084714
2 400000 0.005427 0.060066 0.017044 0.001138 0.086543
2 400000 0.005734 0.043235 0.014901 0.001154 0.067601
2 400000 0.005370 0.044315 0.014772 0.001152 0.066838
2 400000 0.005451 0.042780 0.015649 0.001275 0.066578
2 400000 0.005464 0.041502 0.014707 0.001178 0.064732
2 500000 0.006866 0.063296 0.021179 0.001641 0.097874
2 500000 0.007259 0.094477 0.026471 0.001666 0.132923
2 500000 0.006894 0.098306 0.023540 0.001502 0.134346
2 500000 0.006999 0.058961 0.020525 0.001405 0.091118
2 500000 0.006732 0.057038 0.019889 0.001640 0.091037
2 500000 0.004625 0.061543 0.028507 0.002197 0.098573
2 500000 0.005952 0.063123 0.020751 0.001585 0.095919
2 500000 0.006850 0.089434 0.023588 0.001864 0.126771
2 500000 0.006811 0.062171 0.033982 0.002641 0.107513
2 500000 0.006745 0.095084 0.023489 0.001636 0.129810
2 600000 0.004540 0.074118 0.039202 0.003276 0.123476
2 600000 0.008376 0.113599 0.028367 0.001858 0.157255
2 600000 0.005700 0.074762 0.040948 0.003147 0.126815
2 600000 0.007701 0.114836 0.028552 0.001820 0.155600
2 600000 0.007988 0.076665 0.026799 0.001689 0.115841
2 600000 0.007980 0.075951 0.042204 0.003045 0.131249
2 600000 0.008279 0.088775 0.028010 0.001980 0.130481
2 600000 0.005461 0.100748 0.027985 0.001732 0.139173
2 600000 0.008339 0.081520 0.025692 0.001692 0.120068
2 600000 0.008183 0.080309 0.025455 0.001968 0.118608
2 700000 0.009114 0.124745 0.032675 0.002122 0.172836
2 700000 0.008022 0.123974 0.032815 0.001926 0.169493
2 700000 0.006848 0.084370 0.027825 0.002073 0.126323
2 700000 0.008745 0.135499 0.031947 0.002097 0.182818
2 700000 0.009327 0.092054 0.029534 0.002671 0.136419
2 700000 0.007415 0.076794 0.027612 0.002256 0.119027
2 700000 0.008236 0.132975 0.032337 0.001990 0.179582
2 700000 0.008677 0.080183 0.025939 0.001978 0.120941
2 700000 0.009798 0.126328 0.032683 0.001942 0.173763
2 700000 0.007408 0.071800 0.025823 0.001918 0.114043
2 800000 0.010278 0.166337 0.036835 0.002525 0.220926
2 800000 0.009414 0.141026 0.037842 0.002386 0.193908
2 800000 0.009226 0.086346 0.030115 0.002385 0.132306
2 800000 0.008890 0.099468 0.032983 0.002351 0.152521
2 800000 0.007627 0.141907 0.035169 0.002262 0.190526
2 800000 0.009891 0.147481 0.038277 0.002383 0.202526
2 800000 0.008835 0.143090 0.037440 0.002498 0.196974
2 800000 0.008400 0.140490 0.037184 0.002295 0.193976
2 800000 0.008761 0.149534 0.036164 0.002356 0.200369
2 800000 0.010681 0.143052 0.037856 0.002221 0.197468
2 900000 0.010675 0.149210 0.041905 0.002638 0.207322
2 900000 0.011042 0.170497 0.042166 0.002480 0.230425
2 900000 0.010680 0.097207 0.033312 0.002557 0.148233
2 900000 0.011104 0.100209 0.036073 0.002515 0.154196
2 900000 0.009444 0.097149 0.034429 0.002483 0.148521
2 900000 0.011639 0.168507 0.041183 0.002530 0.228762
2 900000 0.011095 0.154250 0.042758 0.002876 0.213599
2 900000 0.012033 0.152124 0.042735 0.002521 0.213912
2 900000 0.010767 0.097029 0.034500 0.002799 0.148331
2 900000 0.009665 0.173248 0.042767 0.002648 0.234085
2 1000000 0.010302 0.171597 0.046607 0.003009 0.234509
2 1000000 0.011015 0.182652 0.047484 0.002809 0.248638
2 1000000 0.011437 0.178486 0.047300 0.002823 0.243229
2 1000000 0.011367 0.187447 0.047664 0.003055 0.254211
2 1000000 0.013094 0.178961 0.047865 0.002822 0.245840
2 1000000 0.012773 0.162032 0.046949 0.002813 0.228604
2 1000000 0.013126 0.106387 0.041389 0.002818 0.166711
2 1000000 0.012960 0.105564 0.039105 0.003068 0.165373
2 1000000 0.011100 0.189058 0.047176 0.002851 0.254654
2 1000000 0.010536 0.188574 0.047175 0.003035 0.254196
3 100000 0.001179 0.014818 0.002586 0.000208 0.019946
3 100000 0.001043 0.013824 0.002123 0.000158 0.017488
3 100000 0.000560 0.013588 0.002169 0.000160 0.017061
3 100000 0.000345 0.017389 0.002972 0.000566 0.021619
3 100000 0.001140 0.015357 0.003126 0.000316 0.020262
3 100000 0.000726 0.016871 0.002623 0.000170 0.021149
3 100000 0.001980 0.014742 0.002046 0.000147 0.019527
3 100000 0.001704 0.011343 0.002796 0.000281 0.016739
3 100000 0.000723 0.014946 0.002574 0.000174 0.019201
3 100000 0.000759 0.012080 0.002884 0.000147 0.016181
3 200000 0.000983 0.034014 0.005156 0.000330 0.041622
3 200000 0.001893 0.030886 0.006106 0.000403 0.039939
3 200000 0.001696 0.019978 0.004434 0.000388 0.027352
3 200000 0.001381 0.018985 0.004189 0.000396 0.026466
3 200000 0.001360 0.030901 0.012435 0.000490 0.046705
3 200000 0.001976 0.020088 0.004105 0.000311 0.028743
3 200000 0.001494 0.027379 0.006139 0.000405 0.037075
3 200000 0.001711 0.031791 0.007805 0.000629 0.042542
3 200000 0.001973 0.024822 0.003649 0.000272 0.033007
3 200000 0.002004 0.019188 0.003983 0.000314 0.027753
3 300000 0.001872 0.047218 0.007077 0.000547 0.058008
3 300000 0.002774 0.026638 0.006113 0.000461 0.036892
3 300000 0.002513 0.047568 0.007079 0.000469 0.060220
3 300000 0.002452 0.025458 0.006233 0.000457 0.035490
3 300000 0.002376 0.048485 0.007618 0.000540 0.062015
3 300000 0.002820 0.043021 0.008644 0.000474 0.055867
3 300000 0.002872 0.025855 0.006247 0.000406 0.037956
3 300000 0.002925 0.023015 0.006392 0.000454 0.036225
3 300000 0.002885 0.024616 0.006364 0.000468 0.037321
3 300000 0.002818 0.050705 0.007789 0.000465 0.065198
3 400000 0.003758 0.054108 0.011463 0.000631 0.072957
3 400000 0.003804 0.042232 0.008185 0.000687 0.059446
3 400000 0.003301 0.041085 0.009830 0.000652 0.058097
3 400000 0.003998 0.054687 0.017038 0.000739 0.080974
3 400000 0.002716 0.054912 0.009365 0.000648 0.070887
3 400000 0.003893 0.040754 0.007972 0.000643 0.056524
3 400000 0.003718 0.058207 0.009097 0.000581 0.075611
3 400000 0.003717 0.030975 0.008281 0.000539 0.044718
3 400000 0.003914 0.053735 0.014192 0.000670 0.077033
3 400000 0.003878 0.030642 0.007888 0.000679 0.046340
3 500000 0.004051 0.081635 0.011808 0.000829 0.102063
3 500000 0.003137 0.085212 0.012412 0.000800 0.105271
3 500000 0.004118 0.075352 0.015786 0.000691 0.100241
3 500000 0.004503 0.077606 0.015424 0.000791 0.099821
3 500000 0.004763 0.080255 0.022930 0.001309 0.114307
3 500000 0.002975 0.082380 0.012259 0.000849 0.102211
3 500000 0.004589 0.079532 0.011657 0.000749 0.098195
3 500000 0.004687 0.077027 0.011373 0.000850 0.099530
3 500000 0.004711 0.093020 0.013163 0.000752 0.113779
3 500000 0.004779 0.065997 0.011431 0.000850 0.087825
3 600000 0.005522 0.108187 0.015067 0.000995 0.133284
3 600000 0.005487 0.101608 0.015600 0.000910 0.126942
3 600000 0.005587 0.092788 0.014738 0.000989 0.118740
3 600000 0.005689 0.086709 0.014266 0.000901 0.112040
3 600000 0.005571 0.087642 0.018133 0.000922 0.115997
3 600000 0.005545 0.090808 0.013982 0.001002 0.114370
3 600000 0.005667 0.087368 0.013867 0.000874 0.111232
3 600000 0.005644 0.083626 0.018187 0.001162 0.114090
3 600000 0.005695 0.079510 0.022763 0.000820 0.114946
3 600000 0.005579 0.091373 0.013738 0.000979 0.117970
3 700000 0.006312 0.110774 0.022052 0.001015 0.142281
3 700000 0.006540 0.111065 0.017042 0.001161 0.139718
3 700000 0.006373 0.103484 0.021002 0.001053 0.134041
3 700000 0.006678 0.112253 0.021708 0.001083 0.148062
3 700000 0.005757 0.104562 0.022469 0.001240 0.137715
3 700000 0.005899 0.122777 0.020244 0.001185 0.153976
3 700000 0.005891 0.124452 0.018778 0.001196 0.156946
3 700000 0.006525 0.119845 0.019018 0.001199 0.151940
3 700000 0.006332 0.130341 0.020974 0.001178 0.161245
3 700000 0.004583 0.124534 0.021506 0.001226 0.154821
3 800000 0.007262 0.150700 0.023325 0.001289 0.185180
3 800000 0.003568 0.155514 0.022895 0.001265 0.186938
3 800000 0.003841 0.145178 0.025133 0.001326 0.179101
3 800000 0.005860 0.133846 0.022125 0.001277 0.169891
3 800000 0.007035 0.139777 0.022269 0.001272 0.172801
3 800000 0.006638 0.147671 0.022914 0.001214 0.184522
3 800000 0.007190 0.144647 0.025464 0.001362 0.181247
3 800000 0.004627 0.156788 0.023708 0.001306 0.190430
3 800000 0.007414 0.141306 0.022046 0.001349 0.174604
3 800000 0.007486 0.147521 0.021099 0.001206 0.182853
3 900000 0.008087 0.144727 0.028316 0.001464 0.186648
3 900000 0.007128 0.154873 0.027854 0.001364 0.196607
3 900000 0.007842 0.145650 0.030051 0.001415 0.187691
3 900000 0.006140 0.156331 0.024551 0.001403 0.194657
3 900000 0.007912 0.149895 0.025331 0.001423 0.187396
3 900000 0.007770 0.152670 0.024145 0.001446 0.190773
3 900000 0.008193 0.152010 0.028066 0.001227 0.192011
3 900000 0.007809 0.167006 0.023582 0.001353 0.204483
3 900000 0.008032 0.135992 0.021712 0.001387 0.171116
3 900000 0.007875 0.151325 0.023521 0.001265 0.190472
3 1000000 0.008805 0.179417 0.027225 0.001513 0.221911
3 1000000 0.009073 0.168773 0.026343 0.001582 0.211614
3 1000000 0.007556 0.166729 0.029490 0.001647 0.210385
3 1000000 0.009103 0.189154 0.028627 0.001496 0.235091
3 1000000 0.006644 0.170657 0.025781 0.001559 0.211662
3 1000000 0.008448 0.170234 0.026032 0.001684 0.211140
3 1000000 0.008065 0.177197 0.027376 0.001480 0.217181
3 1000000 0.007957 0.173596 0.028527 0.001574 0.215765
3 1000000 0.008695 0.174854 0.030515 0.001640 0.221904
3 1000000 0.004937 0.168065 0.026273 0.001652 0.203920
4 100000 0.000985 0.012150 0.001578 0.000099 0.015235
4 100000 0.000404 0.015193 0.001647 0.000107 0.017777
4 100000 0.000517 0.017373 0.001808 0.000110 0.020426
4 100000 0.000450 0.017200 0.001731 0.000108 0.019825
4 100000 0.000834 0.015415 0.001703 0.000102 0.018359
4 100000 0.001209 0.017622 0.001691 0.000114 0.021199
4 100000 0.000422 0.016999 0.001750 0.000122 0.019606
4 100000 0.000978 0.012383 0.001611 0.000099 0.015648
4 100000 0.000367 0.015917 0.001675 0.000109 0.018412
4 100000 0.000596 0.015874 0.001723 0.000100 0.018613
4 200000 0.001355 0.035248 0.003552 0.000214 0.041027
4 200000 0.001397 0.034842 0.003600 0.000218 0.042055
4 200000 0.001538 0.035120 0.003396 0.000209 0.040911
4 200000 0.001571 0.030312 0.003467 0.000284 0.037457
4 200000 0.001194 0.032369 0.003359 0.000202 0.037797
4 200000 0.001514 0.017749 0.003627 0.000329 0.023833
4 200000 0.000814 0.034170 0.003655 0.000232 0.040000
4 200000 0.001419 0.035082 0.003479 0.000215 0.040844
4 200000 0.001588 0.034025 0.003554 0.000209 0.041469
4 200000 0.001614 0.035939 0.003359 0.000300 0.043534
4 300000 0.002250 0.054745 0.005574 0.000343 0.066298
4 300000 0.002279 0.052737 0.005571 0.000323 0.064324
4 300000 0.002131 0.052194 0.005402 0.000321 0.061019
4 300000 0.002322 0.050580 0.005269 0.000384 0.061974
4 300000 0.002379 0.046382 0.006793 0.000328 0.057121
4 300000 0.002342 0.050719 0.005504 0.000385 0.062049
4 300000 0.002282 0.055126 0.005487 0.000317 0.064122
4 300000 0.002356 0.051381 0.006603 0.000431 0.063832
4 300000 0.002301 0.050241 0.005299 0.000322 0.059139
4 300000 0.002292 0.052502 0.005536 0.000315 0.063620
4 400000 0.002934 0.075820 0.007753 0.000431 0.090604
4 400000 0.002954 0.067688 0.008867 0.000430 0.084470
4 400000 0.002929 0.073950 0.007653 0.000455 0.086245
4 400000 0.002967 0.074720 0.007574 0.000431 0.090237
4 400000 0.002932 0.070578 0.008406 0.000514 0.083744
4 400000 0.003273 0.069061 0.009304 0.000640 0.086457
4 400000 0.002918 0.070042 0.007395 0.000532 0.082142
4 400000 0.003051 0.075235 0.007582 0.000450 0.090699
4 400000 0.002904 0.067707 0.009224 0.000747 0.081892
4 400000 0.002662 0.075557 0.007622 0.000435 0.089715
4 500000 0.003594 0.087888 0.011530 0.000554 0.105340
4 500000 0.002741 0.087876 0.012690 0.000584 0.108931
4 500000 0.003474 0.088520 0.009254 0.000544 0.103300
4 500000 0.003576 0.070584 0.015711 0.000532 0.095484
4 500000 0.003626 0.051878 0.014235 0.000888 0.072253
4 500000 0.003808 0.079768 0.016637 0.000824 0.104755
4 500000 0.003573 0.089162 0.014731 0.000608 0.109640
4 500000 0.003631 0.094889 0.009730 0.000606 0.114510
4 500000 0.002758 0.095227 0.009896 0.000611 0.112987
4 500000 0.003231 0.093604 0.009751 0.000509 0.111228
4 600000 0.004155 0.118538 0.012049 0.000635 0.139882
4 600000 0.004281 0.111422 0.011394 0.000721 0.134588
4 600000 0.003696 0.113074 0.011754 0.000658 0.135942
4 600000 0.004354 0.108654 0.016616 0.000599 0.137038
4 600000 0.004155 0.112119 0.011800 0.000631 0.130556
4 600000 0.004280 0.104168 0.010973 0.000653 0.124371
4 600000 0.002224 0.115741 0.011901 0.000649 0.133914
4 600000 0.004001 0.111715 0.011834 0.000837 0.130989
4 600000 0.002848 0.099067 0.010368 0.000681 0.116646
4 600000 0.002838 0.115265 0.013605 0.000749 0.134810
4 700000 0.004678 0.124298 0.013743 0.000724 0.148359
4 700000 0.005211 0.131151 0.013969 0.000847 0.157954
4 700000 0.004419 0.131180 0.015730 0.000809 0.157009
4 700000 0.005027 0.138606 0.013643 0.000843 0.162869
4 700000 0.002547 0.132740 0.013463 0.000839 0.151787
4 700000 0.004116 0.127970 0.013605 0.000728 0.152141
4 700000 0.004842 0.132648 0.013201 0.000742 0.153616
4 700000 0.004939 0.134215 0.013390 0.000760 0.159590
4 700000 0.005087 0.130392 0.013446 0.000764 0.151934
4 700000 0.004893 0.118250 0.015650 0.000807 0.146816
4 800000 0.005785 0.152659 0.015680 0.000940 0.181268
4 800000 0.005556 0.147171 0.015097 0.000871 0.174244
4 800000 0.004524 0.153613 0.015627 0.000909 0.178576
4 800000 0.006028 0.131891 0.020196 0.000946 0.161559
4 800000 0.005761 0.157936 0.020804 0.000853 0.191945
4 800000 0.005447 0.134296 0.014294 0.000889 0.157498
4 800000 0.005913 0.133134 0.021753 0.000741 0.167079
4 800000 0.005250 0.151934 0.014937 0.000976 0.181048
4 800000 0.005934 0.147223 0.015615 0.001023 0.175261
4 800000 0.005699 0.150581 0.017166 0.001002 0.180037
4 900000 0.005486 0.166431 0.019491 0.000940 0.199703
4 900000 0.006610 0.147991 0.020354 0.000932 0.181873
4 900000 0.006292 0.151010 0.018804 0.001024 0.184519
4 900000 0.006129 0.165869 0.022736 0.000969 0.198685
4 900000 0.006525 0.167163 0.017403 0.000911 0.199167
4 900000 0.006253 0.166790 0.017416 0.000898 0.196079
4 900000 0.006258 0.166268 0.017822 0.001016 0.197968
4 900000 0.006689 0.164531 0.020184 0.001016 0.195953
4 900000 0.006512 0.169108 0.017846 0.001036 0.199862
4 900000 0.005062 0.162626 0.020508 0.001000 0.195393
4 1000000 0.005738 0.190673 0.019614 0.001149 0.224048
4 1000000 0.006551 0.186792 0.022025 0.001197 0.219731
4 1000000 0.005667 0.194445 0.018137 0.001084 0.227228
4 1000000 0.007141 0.189004 0.019539 0.001075 0.219831
4 1000000 0.006980 0.184003 0.019285 0.001136 0.216919
4 1000000 0.006198 0.188209 0.019557 0.001077 0.220943
4 1000000 0.006184 0.198094 0.019486 0.001158 0.232489
4 1000000 0.006487 0.186609 0.019763 0.001125 0.219593
4 1000000 0.007594 0.188006 0.021347 0.001118 0.224914
4 1000000 0.006210 0.180992 0.021011 0.001038 0.216820
5 100000 0.000879 0.014856 0.001837 0.000120 0.018890
5 100000 0.000752 0.019860 0.002724 0.000178 0.023970
5 100000 0.000451 0.018101 0.001445 0.000080 0.020441
5 100000 0.000488 0.017118 0.001340 0.000075 0.019610
5 100000 0.000497 0.018417 0.001441 0.000077 0.021054
5 100000 0.000646 0.018315 0.001390 0.000077 0.021294
5 100000 0.000450 0.018075 0.001428 0.000093 0.020634
5 100000 0.000388 0.018843 0.001392 0.000076 0.021009
5 100000 0.000358 0.019567 0.001447 0.000081 0.021901
5 100000 0.000259 0.019818 0.001433 0.000076 0.021901
5 200000 0.000919 0.037332 0.002815 0.000158 0.041830
5 200000 0.001268 0.038535 0.002892 0.000231 0.044950
5 200000 0.000572 0.039452 0.002898 0.000157 0.043913
5 200000 0.001114 0.037151 0.002746 0.000160 0.041823
5 200000 0.001256 0.036770 0.002816 0.000161 0.043042
5 200000 0.001260 0.038642 0.002798 0.000160 0.044900
5 200000 0.001064 0.038341 0.002777 0.000163 0.044016
5 200000 0.001456 0.037884 0.005821 0.000266 0.047728
5 200000 0.001252 0.036932 0.002939 0.000156 0.043344
5 200000 0.001342 0.034775 0.003232 0.000184 0.040184
5 300000 0.001485 0.056757 0.004402 0.000308 0.065442
5 300000 0.001776 0.055859 0.004332 0.000321 0.063261
5 300000 0.001931 0.056750 0.004367 0.000318 0.065835
5 300000 0.001992 0.056762 0.004321 0.000248 0.065594
5 300000 0.001793 0.056785 0.004287 0.000238 0.064079
5 300000 0.001811 0.056385 0.006005 0.000394 0.065574
5 300000 0.001778 0.058894 0.004348 0.000249 0.066252
5 300000 0.002184 0.054416 0.004347 0.000242 0.062109
5 300000 0.001771 0.052874 0.004776 0.000359 0.060773
5 300000 0.001826 0.057024 0.004462 0.000259 0.064547
5 400000 0.002550 0.073684 0.005931 0.000330 0.087046
5 400000 0.002400 0.074941 0.006013 0.000354 0.084963
5 400000 0.002314 0.077443 0.005935 0.000343 0.087353
5 400000 0.002404 0.073138 0.006129 0.000373 0.084196
5 400000 0.002309 0.077462 0.005933 0.000405 0.087426
5 400000 0.002381 0.079021 0.007946 0.000488 0.091299
5 400000 0.002462 0.077947 0.006054 0.000362 0.090047
5 400000 0.001606 0.078771 0.005803 0.000319 0.087717
5 400000 0.002335 0.076838 0.007573 0.000439 0.088477
5 400000 0.002457 0.076378 0.007924 0.000495 0.088554
5 500000 0.002850 0.103145 0.007583 0.000404 0.115547
5 500000 0.002855 0.093643 0.007510 0.000478 0.106007
5 500000 0.003116 0.102150 0.008132 0.000403 0.119183
5 500000 0.002889 0.097655 0.007469 0.000401 0.110025
5 500000 0.002835 0.096733 0.007514 0.000459 0.109083
5 500000 0.002945 0.098276 0.007768 0.000553 0.111059
5 500000 0.002940 0.098767 0.007408 0.000471 0.111118
5 500000 0.002837 0.097057 0.007506 0.000388 0.109304
5 500000 0.003092 0.099981 0.007750 0.000480 0.117008
5 500000 0.002869 0.098954 0.007840 0.000393 0.112106
5 600000 0.003559 0.116508 0.008973 0.000546 0.136431
5 600000 0.003589 0.110415 0.011146 0.000526 0.128014
5 600000 0.003508 0.114884 0.009221 0.000570 0.134958
5 600000 0.003653 0.122783 0.009611 0.000484 0.143275
5 600000 0.002574 0.120777 0.009260 0.000479 0.137094
5 600000 0.003546 0.116235 0.009104 0.000483 0.131175
5 600000 0.003437 0.119369 0.009261 0.000492 0.135152
5 600000 0.003492 0.118597 0.009283 0.000537 0.133727
5 600000 0.003593 0.121524 0.017892 0.001698 0.146632
5 600000 0.001788 0.122526 0.008828 0.000558 0.135625
5 700000 0.002995 0.140265 0.010702 0.000643 0.159073
5 700000 0.003785 0.141815 0.013039 0.000674 0.161539
5 700000 0.004006 0.145303 0.011316 0.000586 0.166861
5 700000 0.003587 0.140815 0.011843 0.000713 0.159186
5 700000 0.004185 0.134571 0.013031 0.000717 0.155617
5 700000 0.003655 0.141949 0.010750 0.000566 0.161661
5 700000 0.003918 0.138537 0.010892 0.000651 0.156015
5 700000 0.004391 0.133823 0.010661 0.000576 0.151660
5 700000 0.004417 0.136899 0.013378 0.000618 0.160632
5 700000 0.003791 0.131105 0.010866 0.000620 0.152146
5 800000 0.004473 0.162903 0.012445 0.000703 0.182937
5 800000 0.004720 0.158828 0.012599 0.000699 0.184423
5 800000 0.004524 0.158303 0.012144 0.000651 0.178050
5 800000 0.004374 0.155309 0.017009 0.000560 0.179802
5 800000 0.004806 0.157314 0.017279 0.000649 0.186567
5 800000 0.004604 0.163846 0.013596 0.000726 0.189633
5 800000 0.004642 0.152267 0.014274 0.000762 0.177478
5 800000 0.004157 0.159306 0.011698 0.000714 0.179045
5 800000 0.004440 0.163167 0.012677 0.000719 0.188206
5 800000 0.004486 0.162577 0.012715 0.000743 0.187799
5 900000 0.005244 0.182352 0.014249 0.000821 0.208913
5 900000 0.004981 0.177554 0.013936 0.000782 0.203064
5 900000 0.004901 0.183914 0.013872 0.000777 0.210031
5 900000 0.004873 0.181029 0.016347 0.000892 0.208708
5 900000 0.004394 0.172256 0.016083 0.000719 0.201810
5 900000 0.005200 0.170174 0.016122 0.000820 0.197909
5 900000 0.005213 0.179027 0.014506 0.000706 0.205655
5 900000 0.005321 0.183166 0.013752 0.000710 0.208451
5 900000 0.004950 0.166235 0.015634 0.000767 0.194308
5 900000 0.004749 0.174170 0.016617 0.000919 0.202162
5 1000000 0.005207 0.201521 0.016243 0.000802 0.230729
5 1000000 0.005667 0.201372 0.015737 0.000875 0.230037
5 1000000 0.005902 0.201172 0.017950 0.000834 0.233439
5 1000000 0.006126 0.196131 0.018953 0.000773 0.225035
5 1000000 0.005704 0.199779 0.016220 0.001018 0.228778
5 1000000 0.005302 0.197193 0.016307 0.000928 0.222903
5 1000000 0.005730 0.205458 0.015682 0.000799 0.235251
5 1000000 0.005566 0.211788 0.016105 0.000897 0.237439
5 1000000 0.005360 0.195041 0.015330 0.000819 0.224676
5 1000000 0.005530 0.197624 0.015584 0.000853 0.222605
6 100000 0.000934 0.018274 0.001271 0.000068 0.021734
6 100000 0.000447 0.020633 0.001212 0.000065 0.022947
6 100000 0.000594 0.020216 0.001170 0.000068 0.022784
6 100000 0.000436 0.020250 0.001249 0.000066 0.022750
6 100000 0.000486 0.020537 0.001276 0.000066 0.022995
6 100000 0.000559 0.020854 0.001258 0.000075 0.023469
6 100000 0.000483 0.018792 0.001189 0.000065 0.021164
6 100000 0.000469 0.019754 0.001186 0.000066 0.022105
6 100000 0.000460 0.018286 0.001163 0.000065 0.020571
6 100000 0.000380 0.020268 0.001217 0.000091 0.022290
6 200000 0.000724 0.039784 0.002322 0.000140 0.044185
6 200000 0.001274 0.038634 0.002326 0.000130 0.044682
6 200000 0.001323 0.039695 0.002395 0.000133 0.045878
6 200000 0.001268 0.039853 0.002277 0.000140 0.045835
6 200000 0.001277 0.038883 0.002372 0.000132 0.044998
6 200000 0.001055 0.038502 0.002405 0.000132 0.042743
6 200000 0.000755 0.040419 0.002453 0.000135 0.044428
6 200000 0.000944 0.042048 0.002454 0.000138 0.046236
6 200000 0.001058 0.037889 0.002514 0.000129 0.042245
6 200000 0.000957 0.039777 0.002357 0.000129 0.043877
6 300000 0.001508 0.062055 0.003727 0.000249 0.068514
6 300000 0.001437 0.061336 0.003560 0.000188 0.069938
6 300000 0.001718 0.059681 0.003582 0.000217 0.068628
6 300000 0.001616 0.058772 0.003780 0.000221 0.065360
6 300000 0.002347 0.061624 0.003666 0.000290 0.068895
6 300000 0.001513 0.057156 0.003600 0.000208 0.063455
6 300000 0.001542 0.061201 0.003668 0.000215 0.067600
6 300000 0.001547 0.063174 0.004233 0.000330 0.070261
6 300000 0.001741 0.060557 0.003919 0.000201 0.069399
6 300000 0.001514 0.061997 0.003709 0.000200 0.068411
6 400000 0.002233 0.085223 0.005004 0.000255 0.097274
6 400000 0.002233 0.084645 0.005076 0.000324 0.096120
6 400000 0.001982 0.081600 0.005789 0.000353 0.091010
6 400000 0.002190 0.083598 0.005099 0.000264 0.095712
6 400000 0.002189 0.082881 0.005261 0.000284 0.095232
6 400000 0.002219 0.080409 0.004944 0.000291 0.092412
6 400000 0.002222 0.082613 0.004922 0.000260 0.093593
6 400000 0.002236 0.082844 0.005137 0.000281 0.094247
6 400000 0.002259 0.085767 0.005029 0.000275 0.097716
6 400000 0.002237 0.083528 0.005036 0.000271 0.095007
6 500000 0.002787 0.104667 0.008563 0.000565 0.120958
6 500000 0.002688 0.102986 0.006590 0.000332 0.117931
6 500000 0.002457 0.104551 0.006175 0.000335 0.115078
6 500000 0.002645 0.108379 0.006566 0.000432 0.123184
6 500000 0.002482 0.108174 0.006681 0.000401 0.119791
6 500000 0.002645 0.106906 0.006176 0.000328 0.120782
6 500000 0.002633 0.104935 0.006400 0.000327 0.119954
6 500000 0.002610 0.104609 0.006494 0.000334 0.118623
6 500000 0.002697 0.104433 0.006303 0.000355 0.118429
6 500000 0.002666 0.106165 0.006552 0.000360 0.121405
6 600000 0.003003 0.126171 0.007719 0.000385 0.142754
6 600000 0.003175 0.122828 0.009421 0.000415 0.140768
6 600000 0.002929 0.125177 0.008362 0.000452 0.138855
6 600000 0.003090 0.124329 0.007859 0.000481 0.141927
6 600000 0.002851 0.124605 0.009139 0.000621 0.139145
6 600000 0.002889 0.125240 0.007881 0.000378 0.138323
6 600000 0.002900 0.123205 0.007866 0.000398 0.136292
6 600000 0.002860 0.129405 0.007997 0.000469 0.142672
6 600000 0.002996 0.127029 0.009877 0.000441 0.142282
6 600000 0.003087 0.124227 0.007836 0.000427 0.141011
6 700000 0.003395 0.145700 0.009154 0.000443 0.160916
6 700000 0.003545 0.141987 0.010697 0.000491 0.162171
6 700000 0.003753 0.138170 0.010895 0.000479 0.155550
6 700000 0.003506 0.145409 0.010483 0.000508 0.167817
6 700000 0.003068 0.146505 0.013219 0.000450 0.165436
6 700000 0.003280 0.145207 0.010669 0.000471 0.161783
6 700000 0.003525 0.147517 0.009088 0.000497 0.166716
6 700000 0.003268 0.141484 0.012219 0.000585 0.159710
6 700000 0.003377 0.142781 0.011181 0.000492 0.160094
6 700000 0.003475 0.140379 0.010854 0.000480 0.161066
6 800000 0.003905 0.161941 0.012360 0.000572 0.185023
6 800000 0.003588 0.135721 0.021520 0.000802 0.164500
6 800000 0.003820 0.168374 0.009653 0.000594 0.184969
6 800000 0.003882 0.167434 0.010384 0.000533 0.184768
6 800000 0.003786 0.171721 0.016119 0.000591 0.194771
6 800000 0.004080 0.168346 0.012190 0.000601 0.188225
6 800000 0.003789 0.167917 0.013080 0.000583 0.187958
6 800000 0.004011 0.166274 0.010616 0.000608 0.189857
6 800000 0.003854 0.168649 0.010460 0.000516 0.186066
6 800000 0.004125 0.170664 0.010289 0.000582 0.193330
6 900000 0.004236 0.180153 0.018250 0.000636 0.206150
6 900000 0.004988 0.185977 0.013967 0.000618 0.211278
6 900000 0.004437 0.192039 0.013427 0.000677 0.219419
6 900000 0.004456 0.186832 0.013685 0.000646 0.212046
6 900000 0.004292 0.194149 0.011673 0.000642 0.219705
6 900000 0.004487 0.190374 0.011723 0.000646 0.214320
6 900000 0.004255 0.188743 0.011515 0.000572 0.207775
6 900000 0.004776 0.186971 0.014483 0.000606 0.209728
6 900000 0.004296 0.183365 0.017200 0.000677 0.208417
6 900000 0.004417 0.180899 0.011435 0.000654 0.200305
6 1000000 0.005203 0.206801 0.015543 0.000736 0.231455
6 1000000 0.004656 0.213276 0.014529 0.000680 0.242080
6 1000000 0.004785 0.211248 0.013108 0.000629 0.234305
6 1000000 0.004991 0.199646 0.018145 0.000622 0.231362
6 1000000 0.004719 0.210375 0.015266 0.000735 0.235198
6 1000000 0.004917 0.199947 0.015421 0.000677 0.224067
6 1000000 0.004410 0.197767 0.016170 0.000747 0.224072
6 1000000 0.004661 0.203036 0.020439 0.000707 0.235502
6 1000000 0.005018 0.208789 0.015629 0.000723 0.236582
6 1000000 0.004896 0.216574 0.021434 0.001093 0.250537
7 100000 0.000655 0.021203 0.001484 0.000102 0.023832
7 100000 0.000462 0.021710 0.001526 0.000095 0.024207
7 100000 0.000388 0.021792 0.001068 0.000059 0.023664
7 100000 0.000374 0.021946 0.001579 0.000099 0.024357
7 100000 0.000381 0.022313 0.001619 0.000102 0.024755
7 100000 0.000375 0.021588 0.001614 0.000106 0.024039
7 100000 0.000386 0.021849 0.001603 0.000111 0.024298
7 100000 0.000359 0.022432 0.001517 0.000103 0.024748
7 100000 0.000369 0.020896 0.001514 0.000101 0.023219
7 100000 0.000372 0.021571 0.001841 0.000109 0.024241
7 200000 0.000536 0.044165 0.003511 0.000282 0.049162
7 200000 0.000562 0.042969 0.003216 0.000211 0.047622
7 200000 0.001508 0.044441 0.003339 0.000203 0.050156
7 200000 0.000572 0.043456 0.003275 0.000210 0.048183
7 200000 0.000555 0.042585 0.003331 0.000195 0.047330
7 200000 0.000573 0.044573 0.003465 0.000229 0.049617
7 200000 0.000531 0.043174 0.002199 0.000121 0.046692
7 200000 0.000596 0.044319 0.003229 0.000277 0.049225
7 200000 0.000538 0.043589 0.002178 0.000129 0.047106
7 200000 0.000553 0.042544 0.003006 0.000261 0.047032
7 300000 0.000755 0.064233 0.005186 0.000289 0.071444
7 300000 0.000713 0.066625 0.004844 0.000267 0.073442
7 300000 0.000646 0.066609 0.005134 0.000301 0.073637
7 300000 0.000722 0.065413 0.004926 0.000287 0.072339
7 300000 0.000707 0.066927 0.005151 0.000290 0.074055
7 300000 0.000756 0.061682 0.004908 0.000304 0.068789
7 300000 0.000705 0.064547 0.003317 0.000177 0.069730
7 300000 0.000723 0.066838 0.005236 0.000282 0.074069
7 300000 0.000727 0.064745 0.004658 0.000291 0.071557
7 300000 0.000649 0.069378 0.003365 0.000194 0.074570
7 400000 0.000627 0.091042 0.004587 0.000229 0.097767
7 400000 0.000662 0.089440 0.004643 0.000231 0.096292
7 400000 0.000719 0.090167 0.004594 0.000230 0.097014
7 400000 0.000670 0.089431 0.004561 0.000239 0.096203
7 400000 0.000956 0.087458 0.005197 0.000315 0.095313
7 400000 0.000856 0.090357 0.004423 0.000220 0.097372
7 400000 0.000670 0.090299 0.004387 0.000221 0.096902
7 400000 0.000670 0.090427 0.004467 0.000229 0.097091
7 400000 0.000666 0.088904 0.004302 0.000217 0.095396
7 400000 0.000652 0.090787 0.004565 0.000211 0.097525
7 500000 0.002099 0.111301 0.005386 0.000282 0.120641
7 500000 0.000791 0.112024 0.005626 0.000399 0.120399
7 500000 0.000792 0.115239 0.005625 0.000276 0.123600
7 500000 0.000773 0.112085 0.005721 0.000282 0.120471
7 500000 0.000780 0.112538 0.005383 0.000334 0.120608
7 500000 0.000763 0.112043 0.005649 0.000270 0.120356
7 500000 0.000794 0.112859 0.005598 0.000263 0.121131
7 500000 0.000780 0.110539 0.005393 0.000290 0.118620
7 500000 0.001637 0.112296 0.005342 0.000283 0.121168
7 500000 0.001626 0.111911 0.005448 0.000265 0.120863
7 600000 0.001221 0.134246 0.006415 0.000318 0.144158
7 600000 0.000859 0.137766 0.006213 0.000330 0.147096
7 600000 0.000932 0.137177 0.008688 0.000449 0.149178
7 600000 0.001056 0.136000 0.008874 0.000418 0.148278
7 600000 0.000905 0.136153 0.009097 0.000415 0.148457
7 600000 0.000880 0.136041 0.006785 0.000315 0.145943
7 600000 0.000871 0.131771 0.006880 0.000334 0.141776
7 600000 0.000882 0.135587 0.006804 0.000368 0.145584
7 600000 0.000901 0.130207 0.008006 0.000452 0.141495
7 600000 0.001082 0.134167 0.006506 0.000331 0.144012
7 700000 0.002961 0.151256 0.009732 0.000392 0.166593
7 700000 0.000962 0.157897 0.007732 0.000373 0.169054
7 700000 0.001381 0.155359 0.008195 0.000384 0.167580
7 700000 0.001367 0.157139 0.008002 0.000441 0.169203
7 700000 0.000986 0.158506 0.009943 0.000565 0.172264
7 700000 0.001259 0.155986 0.010090 0.000448 0.170021
7 700000 0.001298 0.149679 0.009231 0.000610 0.163078
7 700000 0.001213 0.153399 0.007756 0.000385 0.164993
7 700000 0.000999 0.157046 0.007896 0.000407 0.168440
7 700000 0.000993 0.150625 0.011944 0.000374 0.166205
7 800000 0.001549 0.177070 0.009056 0.000507 0.190770
7 800000 0.001638 0.182211 0.008951 0.000465 0.195796
7 800000 0.001419 0.182568 0.008885 0.000532 0.195972
7 800000 0.001378 0.175745 0.010568 0.000502 0.190758
7 800000 0.001905 0.174476 0.013702 0.000564 0.193543
7 800000 0.001376 0.178440 0.009804 0.000550 0.192731
7 800000 0.001378 0.181056 0.010353 0.000500 0.195869
7 800000 0.001433 0.182941 0.009187 0.000503 0.196668
7 800000 0.001446 0.179529 0.011768 0.000562 0.195873
7 800000 0.001345 0.177801 0.008904 0.000525 0.191104
7 900000 0.001880 0.203601 0.009799 0.000483 0.218588
7 900000 0.001485 0.199229 0.012234 0.000542 0.216354
7 900000 0.002150 0.202253 0.010769 0.000517 0.218573
7 900000 0.001582 0.203629 0.015609 0.000641 0.224323
7 900000 0.001571 0.202069 0.011523 0.000558 0.219220
7 900000 0.002774 0.198542 0.013384 0.000620 0.218208
7 900000 0.001534 0.201930 0.012946 0.000536 0.219822
7 900000 0.001554 0.202565 0.012104 0.000584 0.219689
7 900000 0.001239 0.201002 0.012807 0.000506 0.218425
7 900000 0.001640 0.204234 0.010276 0.000599 0.219624
7 1000000 0.001588 0.215766 0.015985 0.000632 0.237141
7 1000000 0.002175 0.223393 0.011586 0.000606 0.240898
7 1000000 0.001693 0.227559 0.013916 0.000652 0.247011
7 1000000 0.001700 0.226796 0.011201 0.000653 0.243575
7 1000000 0.002971 0.223051 0.013814 0.000643 0.243623
7 1000000 0.001906 0.227158 0.012883 0.000585 0.245725
7 1000000 0.002018 0.227103 0.011710 0.000639 0.244571
7 1000000 0.003195 0.218355 0.022515 0.000694 0.250369
7 1000000 0.001780 0.221410 0.013160 0.000662 0.240413
7 1000000 0.001619 0.223381 0.013859 0.000653 0.242703
8 100000 0.001254 0.022387 0.000916 0.000049 0.024953
8 100000 0.005474 0.019152 0.000968 0.000052 0.025992
8 100000 0.005099 0.024251 0.000943 0.000049 0.030807
8 100000 0.004948 0.023229 0.000947 0.000049 0.029495
8 100000 0.007405 0.021184 0.000937 0.000055 0.029925
8 100000 0.006398 0.022482 0.000921 0.000049 0.030199
8 100000 0.005142 0.021905 0.000870 0.000047 0.028307
8 100000 0.005389 0.024892 0.000911 0.000048 0.031586
8 100000 0.005549 0.048416 0.001266 0.000051 0.055624
8 100000 0.005514 0.018897 0.001105 0.000062 0.025921
8 200000 0.005753 0.046732 0.001962 0.000098 0.055207
8 200000 0.005518 0.046937 0.001844 0.000094 0.055055
8 200000 0.005790 0.041299 0.003203 0.000173 0.051129
8 200000 0.003942 0.046296 0.001867 0.000102 0.052877
8 200000 0.006466 0.046102 0.001979 0.000105 0.055319
8 200000 0.000419 0.045393 0.002089 0.000101 0.048626
8 200000 0.005717 0.047571 0.002520 0.000138 0.056616
8 200000 0.005777 0.047438 0.001896 0.000107 0.055971
8 200000 0.005738 0.046476 0.001893 0.000116 0.054889
8 200000 0.005696 0.082418 0.008229 0.003663 0.100654
8 300000 0.005901 0.064162 0.004158 0.000169 0.075384
8 300000 0.006047 0.059404 0.009656 0.005145 0.081395
8 300000 0.005831 0.104408 0.009519 0.003694 0.124380
8 300000 0.005966 0.055141 0.008031 0.003623 0.073745
8 300000 0.005910 0.042299 0.010442 0.003948 0.063585
8 300000 0.015684 0.057524 0.006569 0.003513 0.084457
8 300000 0.006173 0.068287 0.008399 0.003728 0.087702
8 300000 0.006079 0.069599 0.005097 0.000191 0.081960
8 300000 0.006088 0.056622 0.009509 0.003574 0.076833
8 300000 0.006065 0.063966 0.005811 0.003619 0.080459
8 400000 0.006146 0.053662 0.012464 0.003833 0.077425
8 400000 0.014331 0.077447 0.017780 0.003559 0.114453
8 400000 0.011716 0.080810 0.017101 0.004302 0.115275
8 400000 0.007525 0.080013 0.011250 0.003891 0.104023
8 400000 0.006144 0.076377 0.017506 0.003664 0.105021
8 400000 0.007042 0.080658 0.008559 0.003590 0.101182
8 400000 0.006124 0.176733 0.007684 0.003647 0.195500
8 400000 0.006103 0.071729 0.011626 0.003790 0.094551
8 400000 0.006078 0.077463 0.021405 0.004925 0.111188
8 400000 0.006106 0.085044 0.007111 0.003665 0.103232
8 500000 0.006279 0.116075 0.014109 0.003848 0.141964
8 500000 0.006337 0.101818 0.007894 0.003702 0.121386
8 500000 0.006321 0.122390 0.008264 0.003723 0.142365
8 500000 0.006428 0.106155 0.027629 0.004220 0.146076
8 500000 0.003918 0.094934 0.013964 0.000531 0.114971
8 500000 0.006274 0.118433 0.006260 0.000302 0.132905
8 500000 0.006286 0.118518 0.005199 0.000253 0.131882
8 500000 0.004470 0.122041 0.005196 0.000263 0.133610
8 500000 0.006260 0.120614 0.005176 0.000255 0.133944
8 500000 0.004392 0.119277 0.005222 0.000247 0.130742
8 600000 0.005806 0.150712 0.006139 0.000302 0.164895
8 600000 0.003180 0.145112 0.006230 0.000304 0.156769
8 600000 0.006698 0.143554 0.006157 0.000292 0.158651
8 600000 0.005027 0.144759 0.006145 0.000305 0.158172
8 600000 0.001216 0.145831 0.006133 0.000296 0.155410
8 600000 0.005523 0.147381 0.006232 0.000305 0.161327
8 600000 0.006466 0.138473 0.010537 0.000283 0.157691
8 600000 0.006562 0.143957 0.006057 0.000299 0.158817
8 600000 0.005561 0.148170 0.006018 0.000293 0.161961
8 600000 0.004554 0.147403 0.005995 0.000278 0.160162
8 700000 0.006674 0.170953 0.008983 0.000437 0.189304
8 700000 0.005602 0.168609 0.007198 0.000370 0.184584
8 700000 0.006647 0.129969 0.017906 0.000459 0.157232
8 700000 0.005262 0.165630 0.008253 0.000416 0.182565
8 700000 0.006531 0.169162 0.008984 0.000443 0.187403
8 700000 0.006641 0.146016 0.016784 0.000465 0.172097
8 700000 0.006810 0.167180 0.009460 0.000406 0.186110
8 700000 0.006693 0.142584 0.006895 0.000339 0.158744
8 700000 0.001480 0.169954 0.007196 0.000346 0.181229
8 700000 0.005628 0.168133 0.007156 0.000391 0.183569
8 800000 0.006917 0.196821 0.008283 0.000406 0.215013
8 800000 0.006574 0.191569 0.010460 0.000504 0.211675
8 800000 0.006761 0.190441 0.009411 0.000375 0.209555
8 800000 0.002385 0.184726 0.009919 0.000441 0.199866
8 800000 0.005159 0.185596 0.011158 0.000556 0.204883
8 800000 0.005162 0.188170 0.007803 0.000369 0.203905
8 800000 0.005344 0.186460 0.010043 0.000480 0.204722
8 800000 0.006639 0.178878 0.010235 0.000478 0.198620
8 800000 0.006296 0.185267 0.007708 0.000373 0.202139
8 800000 0.006372 0.183033 0.012881 0.000389 0.205105
8 900000 0.008334 0.203181 0.011427 0.000612 0.226124
8 900000 0.005124 0.211954 0.011594 0.000507 0.231884
8 900000 0.006785 0.205419 0.008813 0.000431 0.224169
8 900000 0.007054 0.206953 0.008786 0.000489 0.225991
8 900000 0.006701 0.212303 0.009231 0.000423 0.231353
8 900000 0.006527 0.210403 0.008840 0.000419 0.228902
8 900000 0.005738 0.211464 0.011979 0.000683 0.232587
8 900000 0.006721 0.207938 0.014075 0.000515 0.232031
8 900000 0.008860 0.204401 0.013987 0.000409 0.230444
8 900000 0.005634 0.213342 0.008708 0.000483 0.230858
8 1000000 0.008444 0.221955 0.018997 0.000681 0.253034
8 1000000 0.007441 0.226975 0.012637 0.000457 0.250487
8 1000000 0.006997 0.228411 0.012177 0.000493 0.251182
8 1000000 0.006578 0.240570 0.012707 0.000675 0.263532
8 1000000 0.006946 0.234115 0.011414 0.000479 0.256046
8 1000000 0.005094 0.226261 0.016822 0.000574 0.251767
8 1000000 0.006008 0.223656 0.016998 0.000598 0.250523
8 1000000 0.005848 0.229527 0.015917 0.000452 0.254733
8 1000000 0.006707 0.231598 0.016927 0.000589 0.258808
8 1000000 0.006849 0.225561 0.019572 0.000674 0.256279
